id;name;start_time;end_time;age_limit;price
1;Saint Vincent and the Grenadines Checking Account;2020-09-20T12:22:35;2020-09-20T01:00:51;deliverables Ergonomic Fantastic Frozen Pants;payment Sleek Fresh Keyboard
2;bandwidth Granite Fully-configurable;2020-09-20T11:56:29;2020-09-20T09:42:18;feed e-commerce driver;generating invoice deposit
3;neural-net Qatar Toys;2020-09-20T09:33:33;2020-09-20T01:04:02;gold Turkmenistan;wireless
4;virtual;2020-09-19T20:20:01;2020-09-19T22:53:54;Hawaii deliverables local area network;Avon Music
5;impactful;2020-09-19T20:14:30;2020-09-19T16:24:38;1080p gold;Salad Iraqi Dinar
6;Central;2020-09-19T17:19:51;2020-09-20T10:33:08;withdrawal architectures;Macao Personal Loan Account TCP
7;Internal Borders bypass;2020-09-20T12:09:59;2020-09-20T12:27:10;Shoes;applications
8;card;2020-09-20T04:33:12;2020-09-20T00:20:54;payment Borders Fish;Boliviano Mvdol Designer engineer
9;Iraqi Dinar Holy See (Vatican City State) deposit;2020-09-20T04:30:18;2020-09-19T20:20:45;protocol Swiss Franc;Tasty Soft Chips Regional Towels
10;Customer-focused Tuna overriding;2020-09-19T17:31:03;2020-09-20T03:49:32;Multi-tiered Argentine Peso;4th generation
