id;first_name;last_name;email;phone_number;password
1;Mya;Greenfelder;Tevin_Buckridge88@hotmail.com;Field Shoes;payment Administrator Representative
2;Vida;Kris;Laverne_Walker@yahoo.com;HTTP;viral circuit Philippine Peso
3;Dannie;Schuppe;Delta_Rowe@hotmail.com;methodology invoice;Mexican Peso Mexican Unidad de Inversion (UDI) hacking executive
4;Daniella;Gibson;Nedra5@gmail.com;hack Marketing;Practical
5;Will;Gerlach;Murray_Feeney67@yahoo.com;projection;Officer Concrete
6;Carter;Lehner;Quinten_Botsford57@gmail.com;Legacy PCI;24/365
7;Helen;Nader;Selena.Hand50@gmail.com;Music;Corporate
8;Jaylon;Welch;Adaline.Hettinger67@yahoo.com;North Carolina;Toys Trinidad and Tobago Fantastic
9;Bret;Lang;Jana70@gmail.com;solutions connecting EXE;International communities standardization
10;Jack;Fisher;Nikki_Mann@hotmail.com;deposit ivory;Communications
